R,,,,,,
Wavelength,S1 2000rpm,S2 2000rpm,S3 2200rpm,S4 1800rpm,S5 1800rpm,S6 2000rpm
207.012,0.2051029,0.1451498,0.1419943,0.1782818,0.2666338,0.2208801
208.227,0.1957496,0.1667496,0.1594997,0.1609496,0.2566494,0.2102495
209.441,0.200657,0.12757,0.1807242,0.1382009,0.264442,0.209959
210.656,0.180464,0.1100089,0.1409103,0.1285497,0.2558634,0.1866443
211.871,0.1955903,0.1276607,0.1522559,0.1827071,0.2424383,0.1991039
213.085,0.1773793,0.1440535,0.1451285,0.1462036,0.2483311,0.1999549
214.3,0.1884268,0.1410881,0.1680062,0.1485138,0.2534016,0.2042064
215.515,0.1827536,0.1147874,0.151036,0.138198,0.234861,0.1835088
216.729,0.1796938,0.134029,0.1429248,0.1518205,0.218835,0.1624954
217.944,0.1639946,0.1418096,0.1318047,0.1431146,0.1909645,0.1526846
219.159,0.1547429,0.1354,0.1271102,0.1372422,0.1802264,0.1439969
220.373,0.1545615,0.1337764,0.1227205,0.1337764,0.1693765,0.1359876
221.588,0.1490728,0.13758,0.1195913,0.1324166,0.1595662,0.1267535
222.803,0.1448417,0.1384992,0.1153297,0.1295679,0.1476893,0.1199895
224.017,0.1410543,0.1376715,0.1120439,0.123115,0.1358263,0.1150167
225.232,0.1422883,0.137342,0.1099725,0.1184636,0.1253884,0.1109618
226.447,0.1458756,0.138074,0.1105668,0.116149,0.1125172,0.1068006
227.661,0.1517429,0.1362917,0.1093767,0.1136964,0.0984114,0.1025095
228.876,0.162091,0.1327031,0.1093576,0.1143471,0.0947095,0.1031779
230.09,0.1719006,0.1294377,0.1112231,0.1152075,0.0946402,0.1039752
231.305,0.1835605,0.1254809,0.1164119,0.1154007,0.0949244,0.1032666
232.52,0.1971232,0.1210718,0.1221336,0.1151522,0.1007383,0.1039768
233.734,0.21384,0.1172118,0.1285746,0.1196693,0.1240655,0.1138526
234.949,0.2249118,0.1138582,0.1331786,0.1259334,0.1511162,0.1284069
236.164,0.2236219,0.1124134,0.1388384,0.1281479,0.1555196,0.1352749
237.378,0.2110614,0.1112421,0.1461351,0.1211177,0.1398065,0.1298996
238.593,0.1993374,0.1107592,0.1569491,0.1127039,0.1492727,0.1241234
239.808,0.1997594,0.1114524,0.1694847,0.1141804,0.2185317,0.1317574
241.022,0.2136952,0.1124573,0.1804676,0.1284948,0.3347198,0.1534468
242.237,0.2332568,0.1127277,0.1882723,0.1486058,0.4536187,0.1779593
243.452,0.2459544,0.1115728,0.1914328,0.1615557,0.538842,0.1910281
244.666,0.2428606,0.1109113,0.1923542,0.1587387,0.5775166,0.188979
245.881,0.2232879,0.1127242,0.1953629,0.1403131,0.5674135,0.1836168
247.096,0.1908836,0.1165804,0.2012874,0.1130163,0.510788,0.1926487
248.31,0.1574818,0.1217759,0.2108706,0.091135,0.4264125,0.2287683
249.525,0.1334437,0.1278719,0.2216396,0.0862513,0.3533632,0.2843135
250.739,0.1284594,0.1344307,0.2321862,0.1037846,0.327322,0.3437141
251.954,0.1427028,0.1375574,0.2386271,0.1369704,0.3503008,0.3906426
253.169,0.1725222,0.1372892,0.2396979,0.1769679,0.3953772,0.4206024
254.383,0.2078105,0.1328847,0.2346472,0.2118049,0.4278565,0.4323939
255.598,0.2392323,0.1272877,0.225034,0.2357209,0.4343432,0.4288471
256.813,0.2599857,0.120503,0.2107543,0.2436374,0.4109643,0.4100125
258.027,0.2655762,0.114137,0.1938552,0.2354733,0.3595842,0.3758869
259.242,0.2578931,0.1098638,0.1772961,0.2175771,0.287492,0.3311298
260.457,0.2399785,0.1084357,0.1625866,0.1974481,0.20721,0.2834967
261.671,0.2175539,0.1091122,0.1513904,0.1839134,0.1342908,0.2417745
262.886,0.1965078,0.1109086,0.1432626,0.1817504,0.0827601,0.2152431
264.101,0.1819418,0.1130919,0.1374243,0.1921214,0.0639341,0.2116685
265.315,0.1789689,0.1159219,0.1335795,0.2124232,0.0813062,0.2342364
266.53,0.1872214,0.1182068,0.1283032,0.2342188,0.1232687,0.2736303
267.744,0.2046823,0.1212252,0.1219652,0.2511936,0.1719436,0.3151911
268.959,0.2257883,0.1266423,0.114059,0.2617247,0.2119215,0.347534
270.174,0.2487402,0.1381457,0.1083431,0.2700278,0.2399077,0.3702744
271.388,0.2713742,0.1571281,0.1040167,0.2786874,0.2560074,0.3857564
272.603,0.291294,0.1842763,0.1011838,0.2857311,0.2561155,0.3900231
273.818,0.3017131,0.2152784,0.0991843,0.2843487,0.2356407,0.3759034
275.032,0.3016776,0.2463597,0.1010633,0.2754866,0.2089413,0.3459818
276.247,0.2933359,0.2731716,0.1073495,0.261088,0.195339,0.3086742
277.462,0.2793707,0.2924518,0.1180044,0.2450892,0.2092387,0.2717417
278.676,0.2627638,0.3039275,0.1317606,0.2302382,0.2505232,0.2420899
279.891,0.2458141,0.3071984,0.1476715,0.2201663,0.3088586,0.2244019
281.106,0.2304924,0.3013962,0.1634493,0.2141894,0.3681525,0.2197708
282.32,0.219027,0.2865668,0.1780986,0.2114822,0.4158968,0.2286853
283.535,0.2105174,0.2637,0.1871292,0.2077453,0.4446327,0.2446446
284.75,0.2080809,0.2366935,0.1931588,0.2001224,0.4534435,0.2654956
285.964,0.2070467,0.2053044,0.1925117,0.1828694,0.4400131,0.2816313
287.179,0.2066586,0.1729441,0.1881263,0.1577144,0.4044787,0.2889846
288.393,0.2024302,0.1434543,0.1771849,0.1284707,0.3493909,0.2840802
289.608,0.1931802,0.1220576,0.1624103,0.1047538,0.2824468,0.2689354
290.823,0.1770645,0.1107878,0.1444926,0.0923559,0.2134273,0.2463259
292.037,0.1561323,0.1115585,0.1266434,0.0976085,0.1581134,0.2217137
293.252,0.1324945,0.1229325,0.1099056,0.1205323,0.1280038,0.1993902
294.467,0.1095322,0.143283,0.0965983,0.1581831,0.131684,0.1843756
295.681,0.090691,0.1676623,0.0877318,0.2030711,0.1646022,0.178137
296.896,0.0793343,0.1907513,0.0844745,0.2498552,0.2184012,0.1809269
298.111,0.0778035,0.21063,0.0867317,0.2944697,0.2802468,0.1911421
299.325,0.0868383,0.2255193,0.0942504,0.3341555,0.3405068,0.2071727
300.54,0.1049578,0.2332486,0.1044671,0.3656281,0.3912781,0.2248939
301.755,0.1321062,0.2336052,0.1170277,0.3879917,0.4306989,0.2424882
302.969,0.164264,0.2267481,0.129637,0.3999346,0.4569069,0.2571601
304.184,0.2001081,0.2142654,0.1421487,0.4019427,0.4702738,0.2680684
305.398,0.2349197,0.1966855,0.1519583,0.3922783,0.470983,0.2738019
306.613,0.2669506,0.1752508,0.1589531,0.3718413,0.4596195,0.2738771
307.828,0.293685,0.1521461,0.1621239,0.3402226,0.4359688,0.2685029
309.042,0.3143137,0.1303312,0.161973,0.2997671,0.4018024,0.2583099
310.257,0.3276509,0.1114731,0.1583034,0.2511597,0.3568963,0.2438282
311.472,0.3335557,0.0971759,0.1508583,0.1985822,0.3038872,0.2260525
312.686,0.3327295,0.0892601,0.1407111,0.1476612,0.2462839,0.2070387
313.906,0.3250919,0.0890193,0.1290758,0.1043324,0.1899388,0.1878432
315.128,0.3114566,0.095363,0.1165026,0.0739259,0.1399128,0.1707766
316.349,0.2929646,0.1070942,0.1041116,0.0616673,0.1036036,0.156569
317.571,0.2696692,0.1221502,0.0921223,0.0686206,0.0845168,0.1459088
318.792,0.2442336,0.1410057,0.0833751,0.0944799,0.0867672,0.1407736
320.014,0.2161372,0.1596753,0.0765513,0.1334774,0.1068896,0.1399944
321.235,0.1885402,0.1770298,0.0742036,0.1812886,0.1411366,0.1443787
322.457,0.1614631,0.1924148,0.0739875,0.2306842,0.1826448,0.15108
323.678,0.1375279,0.2056219,0.0775143,0.2793802,0.2266957,0.1599823
324.9,0.1171886,0.2155649,0.0835254,0.3211798,0.2671901,0.1692702
326.121,0.1027416,0.221551,0.092459,0.3560061,0.3026717,0.1784148
327.343,0.0945938,0.2243414,0.1024391,0.3823621,0.3300815,0.185908
328.564,0.0924379,0.2240616,0.1131362,0.4005497,0.3494434,0.1901425
329.786,0.0960542,0.2201924,0.1231985,0.4095906,0.3605692,0.1914089
331.007,0.1051381,0.2132859,0.1330373,0.4098981,0.3636998,0.1894068
332.229,0.1184248,0.2035233,0.1414714,0.4018078,0.3595447,0.1848571
333.45,0.1342966,0.1922863,0.1479244,0.3867301,0.3492812,0.1771394
334.672,0.1501221,0.1791008,0.1518138,0.3635843,0.3319912,0.1673468
335.893,0.1661417,0.1655964,0.1537307,0.3337447,0.310515,0.1566317
337.115,0.1797485,0.1518457,0.1530335,0.2971908,0.2845784,0.1454963
338.336,0.1910938,0.1397971,0.1508197,0.2569948,0.2558861,0.1345524
339.558,0.1982573,0.1296967,0.1459298,0.2129593,0.2246622,0.1244745
340.779,0.2021129,0.1211196,0.1394542,0.1691682,0.1934703,0.1162427
342.001,0.2019187,0.116674,0.1312078,0.1278368,0.1637271,0.1105779
343.222,0.1990589,0.1157089,0.1230075,0.0932792,0.1378815,0.1078367
344.444,0.1924238,0.1170753,0.1138372,0.0662354,0.1155629,0.1075355
345.665,0.1832721,0.1209793,0.1045615,0.0504112,0.0990193,0.1096862
346.887,0.17255,0.1267152,0.0956875,0.0461882,0.088842,0.1148101
348.108,0.1610496,0.1344611,0.0878352,0.0543664,0.085804,0.1225851
349.33,0.1491566,0.1430637,0.0824791,0.0730054,0.0890419,0.1325957
350.551,0.1375769,0.1514526,0.0783727,0.10042,0.0975412,0.1434598
351.773,0.1268809,0.1594272,0.0752012,0.1335252,0.1097195,0.1554655
352.994,0.118167,0.1678517,0.0748721,0.171551,0.1263445,0.1676216
354.216,0.1111527,0.1755676,0.0769327,0.2103195,0.1441137,0.1804081
355.437,0.1077236,0.1817803,0.0815441,0.2486874,0.1630883,0.1920422
356.659,0.1065665,0.1873476,0.0867881,0.2851815,0.1807668,0.2025355
357.88,0.1090301,0.1924573,0.0944335,0.3183323,0.1977519,0.21146
359.101,0.114419,0.1970539,0.1030452,0.3472875,0.2125686,0.2190837
360.323,0.1232972,0.2003814,0.113063,0.3715195,0.2253215,0.2248163
361.544,0.1348249,0.2026366,0.12281,0.3905017,0.2341185,0.2283392
362.766,0.148867,0.2044496,0.1324016,0.4051563,0.2404058,0.2293901
363.987,0.1644458,0.2057005,0.1411313,0.4137126,0.2430233,0.2280863
365.209,0.181479,0.2053304,0.1490563,0.4164885,0.2429399,0.2248161
366.434,0.1983665,0.2039138,0.1546765,0.4139216,0.2392829,0.2192195
367.659,0.2149136,0.201926,0.1588402,0.406532,0.2340033,0.2125016
368.884,0.2296552,0.1993081,0.1607758,0.3943633,0.2260221,0.2039884
370.11,0.2437881,0.1957534,0.1611356,0.3756283,0.2175531,0.1953321
371.335,0.2553883,0.1909491,0.1590744,0.3531741,0.2085422,0.1857056
372.56,0.2648541,0.1868922,0.1565828,0.3253788,0.1995054,0.1767028
373.785,0.269907,0.1817101,0.1504352,0.2930877,0.1899957,0.1673179
375.01,0.2725532,0.1763209,0.1442274,0.2576439,0.1827348,0.1590882
376.235,0.2707249,0.1703249,0.1356422,0.2187008,0.1766972,0.1513297
377.46,0.2666644,0.165515,0.1281226,0.1800727,0.173865,0.1455042
378.686,0.2582692,0.1615067,0.1196292,0.1431792,0.1724398,0.141056
379.911,0.2469891,0.1569418,0.1109596,0.1093414,0.1737214,0.137822
381.136,0.2337019,0.1540111,0.1032452,0.0804837,0.1782559,0.1365947
382.361,0.2179794,0.1521595,0.0965079,0.0583962,0.1855661,0.1367109
383.586,0.2001126,0.1505364,0.0915765,0.0450572,0.1942113,0.1380426
384.811,0.1805961,0.149087,0.0876092,0.0402916,0.2042954,0.1405206
386.037,0.1595082,0.1475054,0.0839658,0.0444857,0.2145435,0.143038
387.262,0.1396941,0.1470912,0.0829916,0.0573145,0.2256658,0.1450424
388.487,0.1198432,0.1465796,0.0838634,0.0761515,0.2347154,0.1474932
389.712,0.1020906,0.146352,0.087916,0.102201,0.2447749,0.1500749
390.937,0.0845705,0.1457797,0.0913715,0.1326477,0.2525227,0.1507838
392.162,0.0706922,0.1449999,0.097539,0.1632126,0.2574058,0.1503962
393.388,0.0600284,0.1447806,0.1039849,0.1923533,0.2592123,0.1483432
394.613,0.0538726,0.1442095,0.1135114,0.2221353,0.2595606,0.1461041
395.838,0.0507339,0.1438525,0.1228544,0.2514506,0.2562494,0.1411896
397.063,0.0520176,0.1437105,0.1331978,0.2770995,0.2488926,0.1340443
398.288,0.0562711,0.1440196,0.1421601,0.2969327,0.2380474,0.1259363
399.513,0.0644124,0.1434252,0.1525368,0.314295,0.224469,0.1168863
400.738,0.0769857,0.1438417,0.1634734,0.3298001,0.208415,0.1077743
401.964,0.0918087,0.1450485,0.1736623,0.342085,0.188595,0.0973394
403.189,0.1082206,0.14637,0.1824629,0.3496022,0.1653144,0.0873933
404.414,0.1244676,0.14584,0.1891554,0.3514599,0.1399334,0.0781561
405.645,0.1414715,0.1459327,0.1948629,0.3500611,0.1151618,0.0722943
406.878,0.1597875,0.1468719,0.2002507,0.3466572,0.0916895,0.0701634
408.112,0.1767513,0.1476047,0.2035804,0.3400138,0.0674739,0.0706233
409.346,0.1931197,0.1476937,0.2052194,0.3289813,0.0489637,0.0773846
410.58,0.2067498,0.1468313,0.2042717,0.3136945,0.0351074,0.089804
411.813,0.2190843,0.1470052,0.2026406,0.2951435,0.0297787,0.107523
413.047,0.2280032,0.1465282,0.1986169,0.274762,0.0316911,0.1301929
414.281,0.2351852,0.1445349,0.1930425,0.2513157,0.0428112,0.1575846
415.515,0.239681,0.1434493,0.1863073,0.2253656,0.0646847,0.1899893
416.749,0.2421271,0.1415052,0.1786232,0.1983088,0.0956709,0.225169
417.982,0.2407283,0.1396804,0.1702373,0.1703852,0.1338825,0.2626772
419.216,0.2362082,0.1366893,0.1602665,0.1419578,0.1786625,0.3007398
420.45,0.2283699,0.1327837,0.1489307,0.1148894,0.2264818,0.3379333
421.684,0.2180311,0.1296674,0.1388066,0.0929197,0.2761128,0.3722516
422.917,0.2050869,0.1266348,0.1298991,0.0756194,0.325193,0.406127
424.151,0.1902759,0.1235896,0.1218505,0.0639144,0.3747907,0.4387051
425.385,0.1726298,0.1198864,0.1137426,0.0586678,0.424169,0.4710704
426.619,0.1538335,0.1182831,0.1080985,0.0613805,0.4708933,0.5004095
427.852,0.1330101,0.1163435,0.1043349,0.0711093,0.5132467,0.5268439
429.086,0.1129581,0.115344,0.1028049,0.088304,0.5507403,0.5497595
430.32,0.0931285,0.1152089,0.1037461,0.1116961,0.584153,0.5702075
431.554,0.0749097,0.1173346,0.1074746,0.1409188,0.6165197,0.5905637
432.788,0.0593491,0.1222257,0.1142281,0.1752198,0.6470772,0.6105091
434.021,0.0480825,0.127331,0.1242333,0.2113474,0.6744208,0.627766
435.255,0.0419086,0.1346523,0.1364322,0.2484581,0.6970203,0.6422479
436.491,0.0410583,0.1436905,0.1500258,0.2857904,0.7163767,0.6538322
437.73,0.045498,0.1547311,0.1648358,0.3219715,0.734723,0.6654222
438.968,0.0582023,0.1669673,0.1834885,0.3569077,0.7507993,0.6755088
440.207,0.0774608,0.1811814,0.2032439,0.3908288,0.7654337,0.685363
441.445,0.103237,0.1976144,0.2250765,0.4230389,0.7783058,0.6933234
442.684,0.1338651,0.2140231,0.2467785,0.4526463,0.7895892,0.7007393
443.922,0.1700245,0.231296,0.2698002,0.4790861,0.7984227,0.7056501
445.161,0.2103428,0.2485621,0.2927873,0.5032939,0.8055269,0.7100878
446.399,0.2530958,0.2664733,0.3166669,0.5258986,0.8113327,0.7128805
447.638,0.2974433,0.2858317,0.3404681,0.547823,0.8171066,0.7160236
448.876,0.3424049,0.3035309,0.3638497,0.5662227,0.8215099,0.717447
450.115,0.3864698,0.3216342,0.3867588,0.5835202,0.8249988,0.71851
451.353,0.4307813,0.3399402,0.410153,0.6001923,0.8280452,0.7185475
452.592,0.4723561,0.3587848,0.4324745,0.6145895,0.8283585,0.7172405
453.83,0.5128475,0.3766557,0.4541452,0.6281242,0.8301017,0.7162538
455.069,0.5503608,0.3944863,0.4741466,0.6400518,0.8296489,0.7131891
456.307,0.5851106,0.4126283,0.4936146,0.6503633,0.8271731,0.7076411
457.546,0.6171893,0.430909,0.5120691,0.659616,0.8235501,0.7016703
458.784,0.6444186,0.4469134,0.5287601,0.6660344,0.8169394,0.6933895
460.023,0.6723256,0.4647949,0.5447123,0.6751593,0.8126428,0.6864305
461.261,0.6973101,0.4830673,0.5603049,0.682271,0.8075754,0.6771823
462.5,0.721507,0.5026931,0.5759364,0.6902666,0.8011292,0.6681202
463.738,0.7407623,0.5190548,0.5887334,0.6936259,0.7907328,0.6545681
464.977,0.7577114,0.5355226,0.6000797,0.698485,0.7796228,0.6410901
466.215,0.7734232,0.5516917,0.6103005,0.7020446,0.7674529,0.6264867
467.454,0.7892086,0.5704204,0.6223201,0.7071078,0.7563887,0.6114709
468.692,0.8023445,0.5852506,0.6321081,0.7091504,0.7417319,0.5946638
469.931,0.8169603,0.6027117,0.6420367,0.7145521,0.7276014,0.5778543
471.169,0.8301467,0.6192436,0.6509024,0.7188039,0.7108176,0.5580033
472.408,0.8415521,0.6368134,0.6586216,0.722432,0.692661,0.5386407
473.646,0.8510545,0.6502319,0.6659385,0.7233981,0.6720207,0.5160996
474.885,0.8603787,0.6638457,0.671697,0.7260823,0.6489677,0.4927666
476.123,0.8670183,0.6767252,0.6761158,0.7265835,0.6234259,0.4677934
477.362,0.8769431,0.6923767,0.6832423,0.7313696,0.5975301,0.4440858
478.6,0.8842192,0.7043756,0.6880393,0.7325304,0.5688784,0.4186352
479.839,0.8923859,0.71658,0.692618,0.7352574,0.5378422,0.39331
481.077,0.8954977,0.7257438,0.6938362,0.734665,0.5032543,0.3660195
482.316,0.9014986,0.737433,0.6977999,0.7371455,0.4676553,0.3408512
483.554,0.908192,0.7476581,0.7001468,0.7372977,0.4273229,0.3145446
484.793,0.9133592,0.7567445,0.7022655,0.7383641,0.3868504,0.2899143
486.031,0.9141026,0.7622043,0.7019683,0.7371087,0.3483034,0.2692698
487.27,0.9159607,0.7688137,0.7027884,0.7373936,0.3095228,0.2518253
488.508,0.9194911,0.7758753,0.7026854,0.7379509,0.2667651,0.2349982
489.747,0.9227414,0.783394,0.7023863,0.7381292,0.2259688,0.2218829
490.985,0.926216,0.7887113,0.7019787,0.7374764,0.1871374,0.212737
492.224,0.9274075,0.7940669,0.7004296,0.737109,0.1509154,0.2086916
493.462,0.9301611,0.7987772,0.6991349,0.7378946,0.1180959,0.2079771
494.701,0.9311967,0.8022606,0.6957343,0.7362072,0.0881069,0.2115563
495.939,0.9313633,0.80575,0.6922046,0.7346199,0.0663028,0.2201695
497.178,0.9330173,0.8098587,0.6901694,0.7344201,0.0481094,0.2325817
498.416,0.9327729,0.8118318,0.6860262,0.7322736,0.037294,0.2478041
499.655,0.9325516,0.8138626,0.6809168,0.7313421,0.0299532,0.2661724
500.893,0.932014,0.8143087,0.6749741,0.7283496,0.0312578,0.2856116
502.132,0.9321727,0.8176197,0.6702132,0.7268812,0.0367473,0.3082675
503.37,0.9313895,0.817356,0.6639025,0.7239676,0.0473523,0.3300115
504.609,0.927831,0.8155964,0.6559311,0.7205624,0.0625632,0.3526633
505.847,0.9277234,0.8160386,0.6489073,0.7186715,0.0806746,0.3748409
507.086,0.9258695,0.817075,0.6413962,0.7158038,0.1021644,0.3976306
508.324,0.923137,0.8140751,0.6328535,0.7112492,0.1245149,0.4180191
509.563,0.9188225,0.811517,0.6220041,0.706391,0.1496011,0.437974
510.801,0.9139121,0.807644,0.6112276,0.7015114,0.1738963,0.4561263
512.04,0.9128717,0.8080443,0.6017078,0.6989507,0.1986506,0.4752784
513.278,0.9079693,0.8034718,0.5907712,0.6929443,0.2239521,0.4910236
514.517,0.9032645,0.7993866,0.5782639,0.6873475,0.2471509,0.5060565
515.755,0.8963331,0.793173,0.565047,0.6802769,0.2699035,0.5180347
516.994,0.8942085,0.7917843,0.5541188,0.6768409,0.2918822,0.5329529
518.232,0.886327,0.7846865,0.5392625,0.6683125,0.3116579,0.5430454
519.471,0.879556,0.7784758,0.5250809,0.6612215,0.3304619,0.5535924
520.709,0.8726931,0.7710371,0.5110151,0.6531358,0.3477723,0.561563
521.948,0.8646648,0.7651095,0.4964286,0.6458273,0.3632388,0.5697141
523.186,0.8577264,0.7576386,0.4817484,0.6370537,0.3779488,0.5774017
524.425,0.8479272,0.7486231,0.4655229,0.6277055,0.3909058,0.5833996
525.663,0.8384104,0.7385864,0.4498437,0.617141,0.4022309,0.5877906
526.902,0.8259327,0.7288576,0.4338052,0.6068083,0.4118149,0.5919535
528.14,0.8158649,0.717754,0.4185657,0.5957546,0.4209287,0.5956898
529.379,0.8031022,0.7068228,0.4015995,0.5838691,0.4284674,0.5985126
530.617,0.7902469,0.6944749,0.3856233,0.5718393,0.4345684,0.5999868
531.856,0.7752982,0.6819079,0.3704691,0.5585882,0.4393484,0.6014585
533.094,0.7579025,0.6658998,0.3540746,0.5426516,0.4422622,0.6000665
534.333,0.7434848,0.6536178,0.3386277,0.5296775,0.4449656,0.6013133
535.571,0.7250335,0.6374157,0.3227075,0.5134435,0.4464618,0.5984779
536.81,0.706991,0.6232521,0.3089996,0.4980455,0.447246,0.5979142
538.048,0.6876354,0.6068072,0.2952902,0.4804158,0.4465566,0.5952254
539.287,0.6660461,0.5898125,0.2809755,0.463664,0.4442728,0.5924746
540.525,0.64397,0.5729127,0.2675187,0.4448481,0.4414402,0.5883079
541.764,0.6207877,0.5574414,0.2560147,0.4267011,0.4385785,0.5845054
543.002,0.5966508,0.5387561,0.2446744,0.4067212,0.4337873,0.5793553
544.241,0.5703114,0.5197717,0.2330923,0.3864652,0.4276904,0.5733587
545.479,0.5436346,0.5022705,0.2224243,0.3662342,0.4213296,0.5667849
546.724,0.5160135,0.4864878,0.2128367,0.3457442,0.4148706,0.5607078
547.975,0.4871041,0.4679992,0.2035367,0.3238998,0.4064117,0.5523306
549.225,0.4570923,0.4495184,0.1952374,0.3021402,0.3972072,0.5434452
550.475,0.4265414,0.4318014,0.1876515,0.280436,0.3863304,0.5331568
551.725,0.3971265,0.4170859,0.1811153,0.2601335,0.3766648,0.5257921
552.976,0.3660864,0.4000894,0.1753827,0.2384903,0.3654871,0.5147097
554.226,0.3354746,0.3837384,0.1699545,0.2179605,0.3535219,0.5044236
555.476,0.3048575,0.3676201,0.1656962,0.198235,0.3408818,0.4915933
556.727,0.275055,0.3537397,0.1618179,0.1802948,0.3279327,0.4803985
557.977,0.2463312,0.3391392,0.1584528,0.1620997,0.3142898,0.4674608
559.227,0.2187713,0.325185,0.156147,0.1457138,0.3006068,0.455249
560.478,0.1924571,0.3106983,0.153751,0.1306521,0.2859014,0.4401767
561.728,0.1680457,0.2988062,0.1525372,0.1183987,0.2714603,0.4268196
562.978,0.1456839,0.285728,0.1510731,0.1067062,0.2563004,0.4117601
564.229,0.1251438,0.2745139,0.1504048,0.0977379,0.2417832,0.3971342
565.479,0.1074242,0.2622936,0.1496682,0.0908564,0.2267985,0.3810337
566.729,0.0919539,0.2525084,0.1498765,0.0870118,0.2123826,0.3656904
567.98,0.079484,0.2423035,0.1508258,0.085119,0.1979217,0.3495229
569.23,0.0685248,0.2322769,0.150283,0.0849289,0.1833531,0.3332168
570.48,0.0610432,0.2236569,0.151334,0.0879287,0.1697532,0.3162303
571.731,0.055766,0.2162758,0.1524505,0.0928983,0.1566154,0.3003576
572.981,0.0530181,0.2091253,0.1533255,0.1001697,0.144099,0.2833781
574.231,0.0525453,0.2027994,0.1543676,0.1094576,0.1323916,0.267347
575.481,0.0539163,0.1975874,0.1549156,0.1201728,0.1217297,0.2506964
576.732,0.0570804,0.1940852,0.1562684,0.1329805,0.1120007,0.2350091
577.982,0.0624575,0.1903785,0.15792,0.1469285,0.1039946,0.2195881
579.232,0.0692774,0.1881543,0.1586686,0.1630588,0.09621,0.2043761
580.483,0.0768256,0.1864434,0.1590149,0.1782213,0.0890946,0.1891092
581.733,0.0857753,0.1877327,0.1601668,0.1962374,0.084948,0.1759849
582.983,0.0949991,0.1878757,0.1608652,0.2130376,0.0805182,0.1620291
584.234,0.1054102,0.1896539,0.1615492,0.231177,0.0782917,0.1496452
585.484,0.1158796,0.1924319,0.1614412,0.2494111,0.0765885,0.1375186
586.734,0.1265188,0.1973768,0.1614051,0.268684,0.0764353,0.1275295
587.985,0.1376078,0.2018402,0.1620407,0.2857034,0.0779855,0.1179002
589.235,0.1483195,0.2067866,0.160913,0.3033897,0.0793511,0.1093545
590.485,0.160093,0.2130691,0.1606151,0.3212303,0.0828178,0.1016145
591.736,0.170842,0.2213255,0.1602462,0.3392294,0.0870574,0.0965077
592.986,0.1806167,0.2275032,0.1581278,0.3553415,0.0917398,0.0905781
594.236,0.190834,0.235746,0.1575705,0.3724165,0.0970991,0.0870486
595.487,0.2004011,0.2429694,0.1554632,0.3871346,0.104432,0.0847981
596.737,0.2095228,0.2527638,0.153982,0.4027026,0.1111241,0.0843113
597.987,0.2186192,0.2608911,0.1513881,0.4171336,0.1179659,0.0836845
599.237,0.2265198,0.2702372,0.1488288,0.4310516,0.1266683,0.0853653
600.488,0.2343766,0.2781004,0.14602,0.4431683,0.1349808,0.0871445
601.738,0.2421331,0.2887623,0.1441424,0.45661,0.1443595,0.0924335
602.988,0.2484853,0.2970213,0.1413743,0.4675958,0.1521989,0.0964174
604.239,0.254825,0.3063721,0.1371355,0.4804592,0.1612554,0.1019917
605.489,0.2605249,0.3139206,0.133887,0.488871,0.1698672,0.1087362
606.739,0.266409,0.3244232,0.1302971,0.5001655,0.1787839,0.1160284
607.99,0.2703799,0.3318238,0.1273246,0.5089847,0.1876929,0.1246356
609.24,0.2744248,0.3397749,0.1225143,0.5173731,0.1954169,0.1333231
610.49,0.2783489,0.3472534,0.1185122,0.5248396,0.2043925,0.1419051
611.741,0.2814998,0.3564898,0.1147582,0.5331964,0.212204,0.1518629
612.991,0.2840868,0.36273,0.1113494,0.5394457,0.2205246,0.1620049
614.241,0.2852301,0.36782,0.1056425,0.5440148,0.2272732,0.17164
615.492,0.2876842,0.3748855,0.1001235,0.5515991,0.2347692,0.180628
616.742,0.2889646,0.3827485,0.096496,0.5560892,0.2421917,0.190946
617.992,0.2904544,0.3878831,0.0923187,0.5610469,0.2479829,0.2004497
619.242,0.2902287,0.3926509,0.0875686,0.5640504,0.2536771,0.2102326
620.493,0.2904823,0.3958851,0.0825189,0.5668031,0.2584352,0.2187928
621.743,0.2902131,0.4041828,0.0780655,0.5721826,0.2647872,0.2289326
622.993,0.2904149,0.4078166,0.075103,0.5747511,0.2691147,0.2370139
624.244,0.2895885,0.4114642,0.0705382,0.5764777,0.2735455,0.2465016
625.494,0.2871761,0.4133208,0.0672158,0.5755799,0.2762804,0.2524428
626.744,0.2868767,0.4200695,0.0630418,0.581124,0.2805516,0.2616809
627.995,0.2844558,0.4214043,0.0602911,0.5787314,0.2829776,0.2673504
629.245,0.2835354,0.424551,0.0572658,0.581038,0.2863826,0.2752087
630.495,0.2808791,0.4254148,0.0545807,0.579174,0.2873897,0.2801737
631.746,0.2783689,0.428699,0.052654,0.5783704,0.2886361,0.2866046
632.996,0.2763326,0.4311214,0.0489426,0.5796312,0.2904603,0.291974
634.246,0.2733957,0.4311021,0.0474535,0.5765772,0.2904404,0.2957067
635.497,0.2701919,0.4307365,0.0458535,0.5742007,0.2908833,0.2994235
636.747,0.2670221,0.4322196,0.0448699,0.5723224,0.2906135,0.3033343
637.997,0.2651511,0.4328064,0.0443483,0.5707789,0.2900237,0.3065663
639.247,0.2609676,0.4330648,0.0430095,0.5669644,0.2883534,0.3095017
640.498,0.2582847,0.4307346,0.0432175,0.562488,0.2872764,0.3104458
641.748,0.254635,0.4325456,0.0444928,0.5597113,0.2860167,0.3135136
642.998,0.2513552,0.4303182,0.0457343,0.5549258,0.2839439,0.3139647
644.249,0.2475727,0.428565,0.0444282,0.5510828,0.280801,0.3144625
645.499,0.244514,0.4254866,0.0464032,0.543227,0.2776769,0.3133145
646.749,0.2415681,0.4262344,0.0481765,0.5408483,0.2749115,0.3146743
648,0.2383303,0.4226357,0.0517272,0.5332314,0.2710557,0.3136546
649.25,0.2349812,0.4196668,0.0537064,0.5268936,0.2667957,0.3127501
650.5,0.2314988,0.4151334,0.0552518,0.5198634,0.2622287,0.3097204
651.751,0.2294223,0.4148128,0.0602735,0.5131278,0.2583239,0.3081608
653.001,0.2264594,0.4093402,0.0634789,0.5032017,0.2516274,0.3058479
654.251,0.2252186,0.4070468,0.0681252,0.497398,0.2472516,0.3061455
655.502,0.2223204,0.4015729,0.0693523,0.4915645,0.2428842,0.3030382
656.752,0.2181973,0.3978017,0.0716725,0.4858345,0.2391221,0.3001014
658.002,0.2129139,0.389213,0.0761174,0.471587,0.2313139,0.2928075
659.253,0.2104601,0.3835455,0.0820729,0.4585475,0.2239453,0.2874319
660.504,0.2114941,0.378714,0.0884336,0.447853,0.2174088,0.2823558
661.758,0.2097649,0.3755231,0.0931767,0.438834,0.2122879,0.279178
663.011,0.2091501,0.3698209,0.0998545,0.4275675,0.2057907,0.2743683
664.265,0.206694,0.3622856,0.1042606,0.4152723,0.1987575,0.2687023
665.519,0.20616,0.3546266,0.1101165,0.4029567,0.1916385,0.2622835
666.772,0.2057845,0.3503223,0.1160522,0.3928563,0.1851283,0.2582024
668.026,0.2050126,0.3427434,0.1218388,0.3787872,0.179072,0.2517602
669.279,0.2042689,0.3347637,0.1277938,0.3660634,0.171804,0.245684
670.533,0.2042252,0.3250559,0.1330051,0.3506221,0.1639483,0.2374004
671.786,0.2040267,0.3189976,0.1396076,0.3391593,0.1575072,0.2320564
673.04,0.204322,0.3116214,0.1449006,0.325941,0.1512811,0.2255091
674.293,0.2044001,0.3028472,0.1507456,0.3110794,0.144402,0.2187337
675.547,0.2052038,0.2934686,0.1564912,0.295711,0.1374546,0.2109768
676.8,0.2057093,0.2856434,0.1630471,0.2816352,0.1321331,0.2043732
678.054,0.2074936,0.2769987,0.169388,0.2670948,0.1255532,0.1969236
679.307,0.2087657,0.2688388,0.1744753,0.2530756,0.119887,0.1909727
680.561,0.2098773,0.2588219,0.1794352,0.2372711,0.1146979,0.18278
681.814,0.2120191,0.2517308,0.1862715,0.2236349,0.1093224,0.177046
683.068,0.2134458,0.2412569,0.1919043,0.2079399,0.1037288,0.1684739
684.321,0.2148281,0.2311509,0.1955687,0.1925558,0.0985471,0.1617027
685.575,0.2165184,0.2221533,0.2005714,0.1781057,0.0947982,0.1544982
686.829,0.2196832,0.2154549,0.2067388,0.1656804,0.0914636,0.1489528
688.082,0.2218753,0.2068984,0.2127165,0.151195,0.0886225,0.1424866
689.336,0.2244369,0.1977943,0.2173768,0.1386009,0.0851671,0.1364829
690.589,0.2266858,0.1878025,0.2208351,0.1236996,0.0818365,0.1290779
691.843,0.2290543,0.1807404,0.2258452,0.1121738,0.0802974,0.1238334
693.096,0.2319635,0.1716895,0.2303161,0.0992032,0.0786104,0.1179694
694.35,0.2342527,0.1637362,0.2343245,0.0886575,0.0775933,0.113085
695.603,0.2368127,0.1541579,0.2376192,0.0766582,0.0763425,0.106606
696.857,0.2392215,0.1479174,0.2414585,0.0669036,0.0763334,0.1022482
698.11,0.2423637,0.140238,0.246457,0.0575468,0.0766029,0.0976885
699.364,0.2452411,0.1338966,0.2503747,0.0491403,0.0771092,0.0942445
700.617,0.2481778,0.1266403,0.2533162,0.0416782,0.0783607,0.0899934
701.871,0.2515624,0.1216868,0.2565329,0.0356872,0.0803498,0.0870367
703.124,0.2536718,0.114873,0.259365,0.0285381,0.0825154,0.0837766
704.378,0.2562074,0.1082516,0.2621414,0.0234485,0.0844074,0.0810268
705.631,0.2578848,0.1014788,0.2633187,0.0191398,0.0871845,0.0775973
706.885,0.2599704,0.0977821,0.2648629,0.0174922,0.0899408,0.0760677
708.139,0.2616965,0.0930199,0.2672595,0.0140255,0.0936605,0.0745441
709.392,0.264782,0.088944,0.2695419,0.0132374,0.0974909,0.0740389
710.646,0.2662851,0.0834509,0.270817,0.0113652,0.1013307,0.0716254
711.899,0.2683747,0.0822992,0.272614,0.0144348,0.1067543,0.0726994
713.153,0.2710817,0.0789863,0.2745699,0.0152999,0.1116584,0.0728042
714.406,0.272919,0.0767889,0.2757024,0.0172575,0.1167664,0.0736227
715.66,0.2751704,0.0739072,0.2768128,0.0203513,0.1218576,0.0738358
716.913,0.2765368,0.073944,0.278134,0.0254103,0.1281043,0.0762672
718.167,0.2779661,0.0727538,0.2788045,0.0299617,0.133953,0.0770549
719.42,0.2802918,0.0714672,0.2804765,0.0356782,0.1399059,0.0801467
720.674,0.2818057,0.0714209,0.2800361,0.0412637,0.1463808,0.0816992
721.927,0.2837872,0.0730329,0.281682,0.0485738,0.1537978,0.0857792
723.181,0.2847542,0.0732672,0.2814742,0.0562186,0.1597309,0.0886377
724.434,0.2857004,0.0743752,0.2809729,0.0645106,0.1663577,0.0930248
725.688,0.2853769,0.0745813,0.2789759,0.0714357,0.1726088,0.0951744
726.941,0.2856989,0.0777133,0.2789838,0.0813794,0.1792379,0.1001452
728.195,0.2852251,0.0788523,0.2777239,0.0891171,0.1854484,0.1037606
729.449,0.2840766,0.081279,0.2749297,0.0988425,0.1907292,0.1082329
730.702,0.2839084,0.0832524,0.2734161,0.1074943,0.1971586,0.1122261
731.956,0.2845275,0.0880632,0.2732739,0.1183328,0.2046334,0.118604
733.209,0.2852634,0.0908175,0.2730225,0.1279761,0.2116838,0.1230798
734.463,0.2849135,0.0941188,0.2714965,0.1380232,0.2181271,0.1294548
735.716,0.2846363,0.09845,0.2699347,0.1481988,0.2240387,0.1347815
736.97,0.284472,0.1042462,0.2683593,0.1588348,0.231446,0.1413679
738.223,0.2834289,0.108271,0.267052,0.1686849,0.2375525,0.1468256
739.477,0.2817607,0.1119049,0.2648296,0.1781033,0.2436476,0.1527067
740.73,0.2799716,0.1164667,0.2616079,0.1878143,0.2488511,0.1576722
741.984,0.2801021,0.1236216,0.260293,0.1993027,0.2554091,0.1648418
743.237,0.2799541,0.1288812,0.2595747,0.2099152,0.2634412,0.1720564
744.491,0.2791986,0.134642,0.2572071,0.220609,0.2701409,0.1794003
745.744,0.2771833,0.138998,0.2537393,0.2301328,0.275233,0.1855609
746.998,0.2746402,0.1457991,0.2502606,0.2405646,0.2801067,0.1921644
748.251,0.2719482,0.1503526,0.2468441,0.2490203,0.2851998,0.1982292
749.505,0.2687641,0.155512,0.2431566,0.2577895,0.2899131,0.2040214
750.759,0.2647801,0.1588756,0.2385968,0.2645534,0.2929281,0.2085597
752.012,0.2607302,0.1652783,0.2339857,0.2725917,0.2954569,0.2142165
753.266,0.2574597,0.1699337,0.2307638,0.279958,0.2999892,0.2193857
754.519,0.2535883,0.1750477,0.2250765,0.2882428,0.3034751,0.2252895
755.773,0.2481453,0.1785011,0.219624,0.2934577,0.3050874,0.2288742
757.026,0.24453,0.1836079,0.2154286,0.3000786,0.3081065,0.2339447
758.28,0.2419696,0.1891997,0.212914,0.3085113,0.3127586,0.2402321
759.533,0.2391447,0.1948647,0.2096137,0.3165112,0.3166758,0.2468813
760.787,0.2346601,0.1981438,0.2037722,0.3207462,0.3185762,0.2502566
762.04,0.230259,0.2044461,0.2003668,0.3278885,0.3218209,0.2561061
763.294,0.22693,0.2087906,0.1964927,0.3345364,0.3252788,0.2612274
764.547,0.223948,0.2145426,0.1934874,0.341836,0.3281198,0.2675192
765.801,0.2203445,0.2189879,0.1886514,0.3473808,0.3311386,0.2717846
767.054,0.2152901,0.2248888,0.1841133,0.3536396,0.3340266,0.277417
768.308,0.2114479,0.2297975,0.1806668,0.3601054,0.3378477,0.282799
769.561,0.2082015,0.2348793,0.1771027,0.3671252,0.3406379,0.2886923
770.815,0.2049544,0.2394663,0.1733584,0.3725209,0.3431219,0.2931515
772.069,0.2006035,0.245421,0.1690668,0.3785664,0.3459335,0.2981648
773.322,0.196159,0.2488803,0.165594,0.3823521,0.3480054,0.3024025
774.576,0.1908277,0.2517351,0.1605824,0.3862408,0.34877,0.3062506
775.829,0.1854394,0.2548321,0.1554038,0.3897571,0.3487523,0.3091599
777.083,0.1806542,0.2604092,0.1504679,0.3945551,0.3496698,0.3133627
778.336,0.1745638,0.2628957,0.1462611,0.3965576,0.3503602,0.3163057
779.59,0.168877,0.2641536,0.1408281,0.3984744,0.3494224,0.318232
780.843,0.1624749,0.2644805,0.1349482,0.398265,0.3464789,0.3180122
782.097,0.1583076,0.2687813,0.1318395,0.4019419,0.3465001,0.3214442
783.35,0.1533068,0.2728022,0.1276535,0.4055015,0.3488662,0.3244389
784.604,0.1481087,0.2743731,0.1234799,0.4075509,0.3473953,0.3275674
785.857,0.1426254,0.2749261,0.1182302,0.4080432,0.3471993,0.3288068
787.111,0.1363976,0.277431,0.1140788,0.4090972,0.3438615,0.3297151
788.364,0.1313466,0.2776752,0.1100616,0.4077127,0.3418212,0.3298938
789.618,0.1259687,0.2790521,0.1051073,0.4088229,0.3405356,0.3314307
790.871,0.1203502,0.2783541,0.100916,0.407814,0.3376688,0.3313425
792.125,0.1140137,0.2808642,0.0968429,0.4090069,0.3355652,0.3321801
793.379,0.109309,0.2804563,0.0940679,0.4085983,0.3334605,0.3322955
794.632,0.1053241,0.282341,0.0905223,0.4099181,0.3320326,0.3346506
795.886,0.099904,0.2825253,0.0859332,0.4098436,0.3307112,0.3352451
797.139,0.0963264,0.2854474,0.0845532,0.411849,0.3301856,0.3371425
798.393,0.0907909,0.2854517,0.081363,0.4117197,0.3281769,0.3367873
799.646,0.0877218,0.2863988,0.0790161,0.4116602,0.3253801,0.3390762
800.9,0.0823152,0.2862324,0.0736982,0.4112358,0.3231381,0.3384447
